{
  "version": 1,
  "author": "Anonymous maker",
  "editor": "wokwi",
  "parts": [
    { "type": "wokwi-arduino-uno", "id": "uno", "top": 58, "left": -149.34, "attrs": {} },
    {
      "type": "wokwi-led",
      "id": "led1",
      "top": -47.26,
      "left": -20.19,
      "attrs": { "color": "red" }
    },
    {
      "type": "wokwi-pushbutton",
      "id": "btn1",
      "top": -60.19,
      "left": -137.87,
      "attrs": { "color": "red" }
    }
  ],
  "connections": [
    [ "btn1:1.l", "uno:2", "red", [ "v-20.41", "h225.03" ] ],
    [ "led1:C", "uno:GND.1", "black", [ "h-27.53", "v72.26" ] ],
    [ "led1:A", "uno:13", "red", [ "v13.56", "h-29.15" ] ]
  ],
  "dependencies": {}
}