{
  "version": 1,
  "author": "Anonymous maker",
  "editor": "wokwi",
  "parts": [
    { "type": "wokwi-breadboard", "id": "bb1", "top": -118.2, "left": -266, "attrs": {} },
    { "type": "wokwi-arduino-uno", "id": "uno", "top": 146, "left": -259.33, "attrs": {} },
    { "type": "wokwi-led", "id": "led1", "top": -42, "left": -159.4, "attrs": { "color": "red" } },
    {
      "type": "wokwi-resistor",
      "id": "r1",
      "top": 3.95,
      "left": -201.6,
      "attrs": { "value": "1000" }
    },
    {
      "type": "wokwi-led",
      "id": "led2",
      "top": -43,
      "left": -81.82,
      "attrs": { "color": "green" }
    },
    {
      "type": "wokwi-resistor",
      "id": "r2",
      "top": 4.67,
      "left": -124,
      "attrs": { "value": "1000" }
    },
    {
      "type": "wokwi-led",
      "id": "led3",
      "top": -43,
      "left": -6.8,
      "attrs": { "color": "yellow" }
    },
    {
      "type": "wokwi-resistor",
      "id": "r3",
      "top": 3.95,
      "left": -48,
      "attrs": { "value": "1000" }
    }
  ],
  "connections": [
    [ "uno:GND.1", "bb1:bn.1", "black", [ "v-43.2", "h-76.17" ] ],
    [ "bb1:21b.h", "bb1:bn.16", "black", [ "v0" ] ],
    [ "bb1:13b.h", "bb1:bn.10", "black", [ "v0" ] ],
    [ "bb1:5b.h", "bb1:bn.3", "black", [ "v0" ] ],
    [ "led1:A", "bb1:12b.f", "", [ "$bb" ] ],
    [ "led1:C", "bb1:11b.f", "", [ "$bb" ] ],
    [ "r1:1", "bb1:5b.g", "", [ "$bb" ] ],
    [ "r1:2", "bb1:11b.g", "", [ "$bb" ] ],
    [ "led2:A", "bb1:20b.f", "", [ "$bb" ] ],
    [ "led2:C", "bb1:19b.f", "", [ "$bb" ] ],
    [ "r2:1", "bb1:13b.g", "", [ "$bb" ] ],
    [ "r2:2", "bb1:19b.g", "", [ "$bb" ] ],
    [ "led3:A", "bb1:28b.f", "", [ "$bb" ] ],
    [ "led3:C", "bb1:27b.f", "", [ "$bb" ] ],
    [ "r3:1", "bb1:21b.g", "", [ "$bb" ] ],
    [ "r3:2", "bb1:27b.g", "", [ "$bb" ] ],
    [ "bb1:12b.g", "uno:8", "green", [ "v106.21", "h48.07" ] ],
    [ "bb1:20b.g", "uno:9", "green", [ "v94.28", "h-38.73" ] ],
    [ "bb1:28b.g", "uno:10", "green", [ "v119.55", "h-125.03" ] ]
  ],
  "dependencies": {}
}