{
  "version": 1,
  "author": "Anonymous maker",
  "editor": "wokwi",
  "parts": [
    { "type": "wokwi-breadboard", "id": "bb1", "top": -118.2, "left": -266, "attrs": {} },
    { "type": "wokwi-arduino-uno", "id": "uno", "top": 146, "left": -259.33, "attrs": {} },
    { "type": "wokwi-led", "id": "led1", "top": -42, "left": -140.2, "attrs": { "color": "red" } },
    {
      "type": "wokwi-resistor",
      "id": "r1",
      "top": 32.75,
      "left": -182.4,
      "attrs": { "value": "1000" }
    }
  ],
  "connections": [
    [ "led1:A", "bb1:14b.f", "", [ "$bb" ] ],
    [ "led1:C", "bb1:13b.f", "", [ "$bb" ] ],
    [ "r1:1", "bb1:7b.j", "", [ "$bb" ] ],
    [ "r1:2", "bb1:13b.j", "", [ "$bb" ] ],
    [ "led1:A", "uno:10", "red", [ "h44.58", "v117.57", "h-35.21" ] ],
    [ "r1:1", "uno:GND.1", "black", [ "h-82.22", "v116.6" ] ]
  ],
  "dependencies": {}
}