{
  "version": 1,
  "author": "Anonymous maker",
  "editor": "wokwi",
  "parts": [
    { "type": "wokwi-breadboard", "id": "bb1", "top": -118.2, "left": -266, "attrs": {} },
    { "type": "wokwi-arduino-uno", "id": "uno", "top": 146, "left": -259.33, "attrs": {} },
    { "type": "wokwi-led", "id": "led1", "top": -42, "left": -159.4, "attrs": { "color": "red" } },
    {
      "type": "wokwi-resistor",
      "id": "r1",
      "top": 3.95,
      "left": -201.6,
      "attrs": { "value": "1000" }
    },
    {
      "type": "wokwi-pushbutton",
      "id": "btn1",
      "top": -257.39,
      "left": -48.98,
      "attrs": { "color": "green" }
    },
    {
      "type": "wokwi-led",
      "id": "led2",
      "top": -43,
      "left": -81.82,
      "attrs": { "color": "green" }
    },
    {
      "type": "wokwi-resistor",
      "id": "r2",
      "top": 4.67,
      "left": -124,
      "attrs": { "value": "1000" }
    },
    {
      "type": "wokwi-led",
      "id": "led3",
      "top": -43,
      "left": -6.8,
      "attrs": { "color": "yellow" }
    },
    {
      "type": "wokwi-resistor",
      "id": "r3",
      "top": 3.95,
      "left": -48,
      "attrs": { "value": "1000" }
    },
    {
      "type": "wokwi-resistor",
      "id": "r4",
      "top": 3.95,
      "left": 48,
      "attrs": { "value": "1000" }
    },
    { "type": "wokwi-led", "id": "led4", "top": -42, "left": 205.4, "attrs": { "color": "red" } },
    {
      "type": "wokwi-led",
      "id": "led5",
      "top": -41.26,
      "left": 320.41,
      "attrs": { "color": "green" }
    },
    {
      "type": "wokwi-resistor",
      "id": "r5",
      "top": 5.54,
      "left": 161.37,
      "attrs": { "value": "1000" }
    },
    {
      "type": "wokwi-resistor",
      "id": "r6",
      "top": 2.93,
      "left": 277.38,
      "attrs": { "value": "1000" }
    }
  ],
  "connections": [
    [ "bb1:37b.f", "btn1:2.l", "black", [ "v-170.83", "h-174.42", "v-54.56" ] ],
    [ "uno:5V", "bb1:bp.1", "red", [ "h-164.01", "v-269.4" ] ],
    [ "uno:GND.1", "bb1:bn.1", "black", [ "v-43.2", "h-76.17" ] ],
    [ "btn1:1.r", "bb1:bp.26", "red", [ "h121.64", "v312.49" ] ],
    [ "bb1:55b.h", "bb1:bn.45", "black", [ "v0" ] ],
    [ "bb1:43b.h", "bb1:bn.35", "black", [ "v0" ] ],
    [ "bb1:31b.h", "bb1:bn.25", "black", [ "v0" ] ],
    [ "bb1:21b.h", "bb1:bn.16", "black", [ "v0" ] ],
    [ "bb1:13b.h", "bb1:bn.10", "black", [ "v0" ] ],
    [ "bb1:5b.h", "bb1:bn.3", "black", [ "v0" ] ],
    [ "led1:A", "bb1:12b.f", "", [ "$bb" ] ],
    [ "led1:C", "bb1:11b.f", "", [ "$bb" ] ],
    [ "r1:1", "bb1:5b.g", "", [ "$bb" ] ],
    [ "r1:2", "bb1:11b.g", "", [ "$bb" ] ],
    [ "led2:A", "bb1:20b.f", "", [ "$bb" ] ],
    [ "led2:C", "bb1:19b.f", "", [ "$bb" ] ],
    [ "r2:1", "bb1:13b.g", "", [ "$bb" ] ],
    [ "r2:2", "bb1:19b.g", "", [ "$bb" ] ],
    [ "led3:A", "bb1:28b.f", "", [ "$bb" ] ],
    [ "led3:C", "bb1:27b.f", "", [ "$bb" ] ],
    [ "r3:1", "bb1:21b.g", "", [ "$bb" ] ],
    [ "r3:2", "bb1:27b.g", "", [ "$bb" ] ],
    [ "r4:1", "bb1:31b.g", "", [ "$bb" ] ],
    [ "r4:2", "bb1:37b.g", "", [ "$bb" ] ],
    [ "led4:A", "bb1:50b.f", "", [ "$bb" ] ],
    [ "led4:C", "bb1:49b.f", "", [ "$bb" ] ],
    [ "led5:A", "bb1:62b.f", "", [ "$bb" ] ],
    [ "led5:C", "bb1:61b.f", "", [ "$bb" ] ],
    [ "r5:1", "bb1:43b.g", "", [ "$bb" ] ],
    [ "r5:2", "bb1:49b.g", "", [ "$bb" ] ],
    [ "r6:1", "bb1:55b.g", "", [ "$bb" ] ],
    [ "r6:2", "bb1:61b.g", "", [ "$bb" ] ],
    [ "bb1:12b.g", "uno:8", "green", [ "v92.32", "h48.07" ] ],
    [ "bb1:20b.g", "uno:9", "green", [ "v111.71", "h-38.73" ] ],
    [ "bb1:28b.g", "uno:10", "green", [ "v84.38", "h-125.03" ] ],
    [ "bb1:50b.g", "uno:11", "green", [ "v102.01", "h-345.73" ] ],
    [ "bb1:62b.g", "uno:12", "green", [ "v0" ] ],
    [ "bb1:37b.j", "uno:2", "green", [ "v92.6", "h-128.43" ] ]
  ],
  "dependencies": {}
}