{
  "version": 1,
  "author": "Anonymous maker",
  "editor": "wokwi",
  "parts": [
    { "type": "wokwi-arduino-uno", "id": "uno", "top": 58, "left": -149.34, "attrs": {} },
    {
      "type": "wokwi-led",
      "id": "led1",
      "top": -52.73,
      "left": -63.27,
      "attrs": { "color": "red" }
    },
    {
      "type": "wokwi-pushbutton",
      "id": "btn1",
      "top": -45.15,
      "left": -7.94,
      "attrs": { "color": "red" }
    },
    {
      "type": "wokwi-led",
      "id": "led2",
      "top": -53.78,
      "left": -106.17,
      "attrs": { "color": "blue" }
    }
  ],
  "connections": [
    [ "btn1:1.l", "uno:2", "red", [ "v-20.41", "h225.03" ] ],
    [ "led1:A", "uno:13", "red", [ "h13.76", "v23.82", "h0.17" ] ],
    [ "led1:C", "uno:GND.1", "black", [ "v60.06", "h14.43" ] ],
    [ "led2:C", "uno:GND.1", "black", [ "v39.24", "h58.01" ] ],
    [ "led2:A", "uno:12", "red", [ "v23.51", "h67.01" ] ]
  ],
  "dependencies": {}
}